,日付,始値_x,高値_x,安値_x,終値_x,買気配_x,売気配_x,高値_y,安値_y,5DMA_x,25DMA_x,75DMA_x,買気配_y,売気配_y,高値_x,安値_x,5DMA_y,25DMA_y,75DMA_y,始値_y,高値_y,安値_y,終値_y,始値_x,高値_x,安値_x,終値_x,前日比_x,5DMA_x,25DMA_x,75DMA_x,始値_y,高値_y,安値_y,終値_y,前日比_y,出来高,5DMA_y,25DMA_y,75DMA_y,5DVMA,25DVMA,75DVMA,買気配,売気配,高値,安値,5DMA,25DMA,75DMA
0,2020/02/07,"29,286.92","29,286.92","29,056.98","29,102.51",120.11,120.17,120.8,120.04,120.57,121.18,120.9,1.0942,1.0945,1.0985,1.094,1.1005,1.1077,1.1081,"9,526.64","9,570.09","9,496.53","9,520.51","23,899.01","23,943.45","23,759.42","23,827.98",-45.61,"23,415.53","23,597.99","23,413.38","1,739.28","1,740.09","1,728.35","1,732.14",-4.84,"126,463","1,705.57","1,716.45","1,704.03","137,667","116,389","118,570",109.77,109.79,110.02,109.51,109.55,109.39,109.1
1,2020/02/06,"29,388.58","29,408.05","29,246.93","29,379.77",120.76,120.78,121.0,120.53,120.59,121.27,120.9,1.098,1.0981,1.1013,1.0962,1.1035,1.1086,1.1083,"9,540.98","9,575.66","9,505.68","9,572.15","23,641.10","23,995.37","23,625.13","23,873.59",554.03,"23,290.97","23,598.38","23,395.31","1,722.95","1,744.43","1,722.28","1,736.98",35.15,"165,442","1,696.03","1,716.49","1,702.69","139,913","114,633","118,787",109.98,109.99,109.99,109.7,109.27,109.38,109.08
2,2020/02/05,"29,048.73","29,308.89","29,000.85","29,290.85",120.76,120.84,121.14,120.61,120.47,121.3,120.89,1.0996,1.1,1.1047,1.0991,1.1045,1.1091,1.1083,"9,574.10","9,574.94","9,454.93","9,508.68","23,351.47","23,414.69","23,241.64","23,319.56",234.97,"23,111.80","23,600.43","23,373.09","1,701.79","1,706.69","1,696.03","1,701.83",17.59,"132,970","1,683.58","1,716.26","1,701.13","134,179","111,303","118,293",109.82,109.85,109.84,109.28,109.06,109.36,109.07
3,2020/02/04,"28,696.74","28,904.88","28,696.74","28,807.63",120.93,121.0,120.98,120.03,120.32,121.32,120.88,1.1043,1.1047,1.1064,1.1031,1.1047,1.1095,1.1084,"9,398.39","9,485.38","9,374.05","9,467.97","22,881.13","23,118.13","22,854.45","23,084.59",112.65,"23,123.77","23,618.96","23,352.81","1,667.25","1,685.96","1,666.59","1,684.24",11.58,"127,663","1,683.21","1,717.04","1,699.71","128,244","109,091","118,116",109.51,109.52,109.54,108.53,108.9,109.34,109.05
4,2020/02/03,"28,319.65","28,630.39","28,319.65","28,399.81",120.21,120.23,120.38,119.85,120.19,121.34,120.85,1.106,1.1061,1.1095,1.1033,1.1042,1.1096,1.1083,"9,190.72","9,299.85","9,188.55","9,273.40","22,874.27","23,023.73","22,775.92","22,971.94",-233.24,"23,149.99","23,648.80","23,332.38","1,660.66","1,677.23","1,656.33","1,672.66",-11.78,"135,797","1,684.82","1,718.80","1,698.34","126,136","107,447","117,839",108.69,108.7,108.79,108.31,108.83,109.34,109.03
5,2020/01/31,"28,813.04","28,813.04","28,169.53","28,256.03",120.18,120.26,120.39,119.99,120.14,121.38,120.82,1.1093,1.1097,1.1095,1.1015,1.1034,1.1097,1.1082,"9,324.33","9,324.80","9,123.22","9,150.94","23,148.92","23,421.59","23,139.98","23,205.18",227.43,"23,224.31","23,682.77","23,312.17","1,684.52","1,699.19","1,683.34","1,684.44",9.67,"137,692","1,690.80","1,721.07","1,697.13","122,586","105,839","117,422",108.34,108.37,109.13,108.3,108.87,109.37,109.01
6,2020/01/30,"28,640.16","28,879.71","28,489.76","28,859.44",120.15,120.22,120.24,119.74,120.19,121.42,120.78,1.103,1.1032,1.1038,1.1002,1.102,1.1096,1.108,"9,211.15","9,303.00","9,185.18","9,298.93","23,284.58","23,318.57","22,892.95","22,977.75",-401.65,"23,348.71","23,707.23","23,290.61","1,693.65","1,695.79","1,667.30","1,674.77",-25.18,"136,771","1,700.00","1,723.02","1,695.82","114,356","105,609","117,071",108.95,108.96,109.07,108.57,109.05,109.41,108.99
7,2020/01/29,"28,820.53","28,944.24","28,728.19","28,734.45",120.0,120.04,120.42,119.85,120.37,121.48,120.75,1.1006,1.1007,1.1027,1.099,1.1026,1.11,1.1079,"9,318.26","9,329.12","9,249.04","9,275.16","23,309.32","23,392.61","23,214.28","23,379.40",163.69,"23,512.24","23,742.71","23,269.24","1,695.65","1,700.30","1,689.76","1,699.95",7.67,"103,295","1,711.14","1,725.47","1,694.46","107,983","104,785","116,476",109.03,109.06,109.26,108.96,109.16,109.43,108.97
8,2020/01/28,"28,594.28","28,823.23","28,575.75","28,722.85",120.29,120.34,120.32,119.77,120.73,121.55,120.71,1.1021,1.1022,1.1026,1.0996,1.1043,1.1104,1.1079,"9,201.82","9,288.87","9,182.33","9,269.68","23,126.93","23,243.36","23,115.15","23,215.71",-127.8,"23,642.63","23,764.91","23,242.98","1,687.53","1,695.72","1,684.75","1,692.28",-10.29,"117,125","1,719.98","1,727.01","1,692.77","107,360","105,758","116,570",109.15,109.18,109.19,108.74,109.32,109.45,108.94
9,2020/01/27,"28,542.49","28,671.79","28,440.47","28,535.80",119.99,120.01,120.49,119.87,121.02,121.62,120.67,1.1019,1.102,1.1037,1.1007,1.1055,1.1109,1.1078,"9,092.46","9,185.45","9,088.04","9,139.31","23,427.90","23,463.89","23,317.32","23,343.51",-483.67,"23,772.40","23,798.93","23,218.00","1,702.98","1,708.95","1,697.17","1,702.57",-27.87,"118,046","1,728.52","1,729.21","1,691.12","102,187","106,233","116,640",108.89,108.9,109.13,108.72,109.46,109.46,108.91
10,2020/01/24,"29,230.39","29,288.79","28,843.31","28,989.73",120.45,120.47,121.25,120.37,121.47,121.7,120.64,1.1025,1.1026,1.1061,1.1018,1.107,1.1114,1.1077,"9,446.21","9,451.43","9,273.23","9,314.91","23,850.12","23,869.38","23,755.32","23,827.18",31.74,"23,920.40","23,823.28","23,197.13","1,733.72","1,733.95","1,726.32","1,730.44",-0.06,"96,545","1,736.84","1,730.58","1,689.71","95,000","106,049","116,628",109.25,109.26,109.65,109.15,109.71,109.49,108.89
11,2020/01/23,"29,111.02","29,190.47","28,966.98","29,160.09",121.03,121.1,121.87,120.59,121.82,121.74,120.6,1.1057,1.1061,1.1108,1.1034,1.1084,1.1118,1.1076,"9,377.72","9,409.20","9,334.13","9,402.48","23,843.51","23,910.01","23,779.23","23,795.44",-235.91,"23,963.22","23,831.12","23,171.24","1,733.71","1,736.92","1,729.20","1,730.50",-13.63,"104,906","1,737.84","1,730.96","1,688.01","97,278","109,930","116,895",109.46,109.48,109.86,109.25,109.9,109.49,108.87
12,2020/01/22,"29,263.63","29,320.20","29,172.26","29,186.27",121.85,121.87,122.0,121.57,122.14,121.77,120.56,1.1093,1.1094,1.1098,1.1068,1.1099,1.1121,1.1074,"9,413.61","9,439.29","9,375.13","9,383.77","23,835.49","24,040.87","23,831.10","24,031.35",166.79,"23,990.76","23,816.29","23,144.05","1,732.48","1,744.82","1,732.26","1,744.13",9.16,"100,180","1,737.48","1,730.25","1,686.10","96,957","110,312","117,180",109.84,109.85,110.09,109.81,110.03,109.49,108.85
13,2020/01/21,"29,269.05","29,341.21","29,146.47","29,196.04",121.74,121.78,122.35,121.68,122.27,121.73,120.51,1.1082,1.1083,1.1118,1.1078,1.111,1.1122,1.1072,"9,361.07","9,397.58","9,350.20","9,370.81","24,072.81","24,081.75","23,843.48","23,864.56",-218.95,"23,967.80","23,790.71","23,115.35","1,743.78","1,744.46","1,732.15","1,734.97",-9.19,"91,259","1,734.87","1,729.08","1,684.24","99,372","110,911","117,649",109.85,109.88,110.21,109.74,110.05,109.43,108.82
14,2020/01/17,"29,313.31","29,373.62","29,289.91","29,348.10",122.16,122.21,122.82,122.08,122.31,121.6,120.4,1.1089,1.1093,1.1142,1.1084,1.1124,1.1121,1.1068,"9,392.37","9,393.48","9,346.81","9,388.94","24,103.45","24,115.95","24,013.75","24,041.26",108.13,"23,953.34","23,746.43","23,063.62","1,737.23","1,737.66","1,732.88","1,735.44",6.72,"107,935","1,734.18","1,727.63","1,681.10","111,211","112,506","118,744",110.16,110.17,110.28,110.03,109.94,109.32,108.77
15,2020/01/16,"29,131.95","29,300.32","29,131.95","29,297.64",122.66,122.69,122.86,122.46,122.19,121.51,120.34,1.1135,1.1136,1.1172,1.1126,1.1127,1.112,1.1067,"9,313.45","9,357.92","9,301.32","9,357.13","23,960.20","23,975.38","23,905.38","23,933.13",16.55,"23,893.06","23,718.95","23,037.72","1,733.27","1,733.87","1,726.71","1,728.72",-2.34,"103,301","1,732.90","1,726.75","1,679.60","112,555","112,408","118,916",110.16,110.17,110.18,109.82,109.81,109.26,108.72
16,2020/01/15,"28,901.80","29,127.59","28,897.35","29,030.22",122.53,122.55,122.7,122.16,121.9,121.44,120.28,1.1148,1.1151,1.1163,1.1117,1.1121,1.1119,1.1065,"9,253.76","9,298.82","9,231.14","9,258.70","23,923.48","23,997.39","23,875.82","23,916.58",-108.59,"23,747.39","23,693.63","23,013.00","1,733.79","1,738.45","1,727.37","1,731.06",-9.47,"112,253","1,727.44","1,726.06","1,678.10","120,957","112,891","119,483",109.9,109.91,110.01,109.77,109.6,109.2,108.69
17,2020/01/14,"28,895.50","29,054.16","28,872.27","28,939.67",122.34,122.42,122.74,122.13,121.57,121.36,120.24,1.1126,1.1127,1.1144,1.1102,1.1121,1.1116,1.1064,"9,270.61","9,298.33","9,226.49","9,251.33","23,969.04","24,059.86","23,951.66","24,025.17",174.6,"23,679.21","23,662.38","22,988.04","1,740.91","1,742.05","1,734.83","1,740.53",5.37,"123,406","1,726.23","1,724.95","1,676.56","121,666","112,741","119,764",109.98,110.01,110.2,109.84,109.31,109.16,108.66
18,2020/01/10,"28,977.52","29,009.07","28,789.10","28,823.77",121.75,121.83,121.82,121.48,121.38,121.28,120.2,1.112,1.1124,1.1129,1.1083,1.1135,1.1114,1.1063,"9,232.95","9,235.20","9,164.66","9,178.86","23,813.28","23,903.29","23,761.08","23,850.57",110.7,"23,515.15","23,636.56","22,960.51","1,734.22","1,739.38","1,731.27","1,735.16",6.11,"109,160","1,717.63","1,723.59","1,674.77","121,379","112,104","119,747",109.49,109.52,109.74,109.42,108.99,109.11,108.64
19,2020/01/09,"28,851.97","28,988.01","28,844.31","28,956.90",121.6,121.63,121.66,121.09,121.41,121.23,120.18,1.1106,1.1107,1.112,1.109,1.1151,1.1112,1.1062,"9,202.27","9,215.95","9,158.50","9,203.43","23,530.29","23,767.09","23,506.15","23,739.87",535.11,"23,476.36","23,623.72","22,935.85","1,722.19","1,731.67","1,721.04","1,729.05",27.65,"114,656","1,714.87","1,722.77","1,673.16","115,479","111,526","120,073",109.49,109.51,109.57,108.99,108.87,109.09,108.63
20,2020/01/08,"28,556.14","28,866.18","28,522.51","28,745.09",121.2,121.22,121.38,120.13,121.56,121.2,120.15,1.1105,1.1106,1.1168,1.1103,1.1165,1.1109,1.1062,"9,068.03","9,168.89","9,059.38","9,129.24","23,217.49","23,303.21","22,951.18","23,204.76",-370.96,"23,495.93","23,605.88","22,912.50","1,701.87","1,706.52","1,683.76","1,701.40",-23.65,"145,311","1,715.69","1,721.58","1,671.58","109,063","110,917","120,945",109.14,109.15,109.24,107.63,108.86,109.08,108.61
21,2020/01/07,"28,639.18","28,685.50","28,565.28","28,583.68",120.87,120.94,121.43,120.75,121.65,121.17,120.13,1.1145,1.1149,1.1197,1.1131,1.1163,1.1105,1.1061,"9,076.65","9,091.93","9,042.55","9,068.58","23,320.12","23,577.44","23,299.92","23,575.72",370.86,"23,639.96","23,614.06","22,893.23","1,705.54","1,726.28","1,705.23","1,725.05",27.56,"115,795","1,721.65","1,721.85","1,670.16","96,438","108,805","121,117",108.45,108.48,108.62,108.24,108.96,109.1,108.59
22,2020/01/06,"28,465.50","28,708.02","28,418.63","28,703.38",121.37,121.42,121.39,120.23,121.73,121.15,120.1,1.1196,1.12,1.1206,1.1153,1.1152,1.1099,1.1059,"8,943.50","9,072.41","8,943.50","9,071.47","23,319.76","23,365.36","23,148.53","23,204.86",-451.76,"23,681.39","23,608.54","22,866.86","1,699.60","1,703.87","1,690.29","1,697.49",-23.87,"121,971","1,720.93","1,721.28","1,668.27","88,811","108,485","121,821",108.37,108.4,108.5,107.75,109.14,109.14,108.58
23,2019/12/30,"28,654.76","28,664.69","28,428.98","28,462.14",121.93,121.97,122.43,121.8,121.71,121.11,120.07,1.12,1.1202,1.1222,1.1169,1.113,1.1092,1.1057,"9,004.45","9,006.36","8,909.19","8,945.99","23,770.93","23,782.49","23,656.62","23,656.62",-181.1,"23,806.54","23,615.28","22,842.69","1,727.39","1,727.85","1,718.17","1,721.36",-11.82,"79,662","1,727.07","1,721.61","1,666.41","81,734","110,098","122,084",108.87,108.88,109.5,108.74,109.34,109.17,108.57
24,2019/12/27,"28,675.34","28,701.66","28,608.98","28,645.26",122.34,122.41,122.43,121.46,121.58,121.03,120.02,1.1176,1.1179,1.1187,1.1091,1.1107,1.1085,1.1055,"9,049.47","9,052.00","8,987.32","9,006.62","23,953.75","23,967.18","23,837.72","23,837.72",-87.2,"23,839.44","23,600.72","22,811.51","1,735.40","1,738.18","1,731.97","1,733.18",1.98,"82,578","1,728.68","1,720.88","1,664.14","84,917","110,955","122,308",109.47,109.5,109.63,109.37,109.45,109.17,108.55
25,2019/12/26,"28,539.46","28,624.10","28,535.15","28,621.39",121.65,121.68,121.78,121.21,121.35,120.92,119.96,1.1096,1.1097,1.1109,1.108,1.1087,1.1078,1.1053,"8,970.21","9,022.46","8,968.46","9,022.39","23,787.70","23,931.51","23,775.40","23,924.92",142.05,"23,835.22","23,571.73","22,776.34","1,721.59","1,731.20","1,720.99","1,731.20",9.78,"82,186","1,728.66","1,719.20","1,661.53","94,791","112,121","122,737",109.63,109.65,109.68,109.31,109.44,109.14,108.52
26,2019/12/24,"28,572.57","28,576.80","28,503.21","28,515.45",121.26,121.3,121.38,121.06,121.43,120.82,119.86,1.1085,1.1088,1.1094,1.1067,1.1096,1.1076,1.1051,"8,955.01","8,957.12","8,934.36","8,952.88","23,839.18","23,853.56","23,796.35","23,830.58",9.47,"23,853.52","23,510.90","22,696.70","1,730.83","1,732.54","1,726.55","1,728.22",-1.2,"86,585","1,733.04","1,716.32","1,656.04","111,583","116,512","123,604",109.34,109.42,109.43,109.31,109.43,109.07,108.44
27,2019/12/23,"28,491.78","28,582.49","28,491.78","28,551.53",121.29,121.32,121.35,121.05,121.59,120.78,119.79,1.1089,1.109,1.1095,1.1067,1.1108,1.1076,1.105,"8,950.20","8,956.64","8,934.55","8,945.65","23,921.29","23,923.09","23,810.82","23,821.11",4.48,"23,900.62","23,489.39","22,653.96","1,737.50","1,737.70","1,728.10","1,729.42",-3.65,"95,578","1,736.84","1,715.06","1,653.14","120,064","117,865","123,571",109.38,109.4,109.53,109.32,109.45,109.03,108.4
28,2019/12/20,"28,608.64","28,608.64","28,445.60","28,455.09",121.23,121.25,121.69,121.15,121.74,120.74,119.73,1.1074,1.1075,1.1125,1.1064,1.1119,1.1075,1.1048,"8,911.84","8,931.91","8,901.87","8,924.96","23,893.45","23,908.77","23,746.63","23,816.63",-48.22,"23,926.87","23,473.21","22,611.28","1,736.98","1,738.35","1,727.13","1,733.07",-3.04,"131,949","1,738.33","1,713.91","1,650.16","123,637","118,936","123,367",109.47,109.48,109.52,109.24,109.48,109.01,108.35
29,2019/12/19,"28,278.31","28,381.48","28,278.24","28,376.96",121.57,121.62,122.04,121.38,121.81,120.7,119.67,1.112,1.1121,1.1144,1.1106,1.1127,1.1074,1.1047,"8,838.97","8,888.13","8,838.97","8,887.22","23,911.46","23,945.53","23,835.29","23,864.85",-69.58,"23,968.17","23,452.68","22,569.79","1,736.73","1,741.24","1,732.38","1,736.11",-2.29,"116,178","1,739.71","1,712.45","1,647.21","135,962","119,118","123,218",109.33,109.36,109.67,109.16,109.46,108.98,108.31
30,2019/12/18,"28,291.44","28,323.25","28,239.28","28,239.28",121.75,121.81,122.16,121.71,121.82,120.61,119.62,1.1112,1.1115,1.1154,1.1109,1.1129,1.107,1.1046,"8,834.65","8,848.76","8,820.42","8,827.74","24,023.27","24,046.09","23,919.36","23,934.43",-131.69,"23,880.16","23,423.75","22,524.40","1,745.69","1,746.29","1,736.30","1,738.40",-8.8,"127,626","1,735.05","1,710.39","1,643.93","135,615","120,073","122,990",109.57,109.59,109.62,109.38,109.45,108.94,108.27
31,2019/12/17,"28,221.75","28,328.63","28,220.56","28,267.16",122.04,122.06,122.46,121.88,121.62,120.53,119.56,1.1147,1.1148,1.1175,1.1127,1.1132,1.1066,1.1046,"8,829.47","8,831.99","8,804.60","8,823.36","24,091.12","24,091.12","23,996.51","24,066.12",113.77,"23,771.64","23,399.17","22,478.33","1,746.28","1,747.20","1,738.68","1,747.20",10.33,"128,990","1,730.36","1,708.86","1,640.62","133,124","119,829","122,566",109.48,109.49,109.63,109.43,109.24,108.91,108.23
32,2019/12/16,"28,191.67","28,337.49","28,191.67","28,235.89",122.06,122.1,122.22,121.56,121.34,120.45,119.5,1.1141,1.1143,1.1158,1.1118,1.1122,1.106,1.1045,"8,791.31","8,833.45","8,789.77","8,814.23","23,955.20","24,036.30","23,950.05","23,952.35",-70.75,"23,640.46","23,377.32","22,430.20","1,737.86","1,741.98","1,736.87","1,736.87",-3.11,"113,444","1,725.08","1,707.36","1,637.19","128,268","119,708","122,236",109.56,109.58,109.67,109.23,109.09,108.89,108.18
33,2019/12/13,"28,123.64","28,290.73","28,028.32","28,135.38",121.52,121.58,122.64,121.43,120.95,120.38,119.44,1.1114,1.1118,1.1199,1.1109,1.1106,1.1056,1.1044,"8,713.91","8,768.87","8,697.58","8,734.88","23,810.56","24,050.04","23,775.73","24,023.10",598.29,"23,536.13","23,352.50","22,380.98","1,738.45","1,744.82","1,735.04","1,739.98",27.15,"193,574","1,722.12","1,706.05","1,633.73","127,283","120,136","122,244",109.34,109.35,109.7,108.9,108.89,108.87,108.13
34,2019/12/12,"27,898.34","28,224.95","27,859.87","28,132.05",121.62,121.66,121.72,120.72,120.66,120.33,119.38,1.1129,1.113,1.1154,1.11,1.1095,1.1052,1.1045,"8,645.36","8,745.82","8,633.60","8,717.32","23,449.28","23,468.15","23,360.43","23,424.81",32.95,"23,402.39","23,327.25","22,336.82","1,718.99","1,719.21","1,708.56","1,712.83",-2.12,"114,442","1,716.79","1,704.56","1,630.56","109,667","118,900","120,873",109.28,109.31,109.44,108.44,108.73,108.86,108.08
35,2019/12/11,"27,867.31","27,925.50","27,801.80","27,911.30",120.78,120.83,120.91,120.33,120.48,120.29,119.33,1.1128,1.1129,1.1144,1.1068,1.109,1.1049,1.1044,"8,631.12","8,658.48","8,622.36","8,654.05","23,421.14","23,438.43","23,333.63","23,391.86",-18.33,"23,377.44","23,323.47","22,299.53","1,720.33","1,721.82","1,712.11","1,714.95",-5.82,"115,170","1,716.51","1,703.97","1,627.70","109,856","119,393","120,646",108.54,108.57,108.84,108.45,108.63,108.86,108.04
36,2019/12/10,"27,900.65","27,949.02","27,804.00","27,881.72",120.65,120.69,120.68,120.06,120.44,120.29,119.3,1.1096,1.1097,1.1097,1.106,1.108,1.1046,1.1044,"8,623.56","8,650.76","8,600.82","8,616.18","23,372.39","23,449.47","23,336.93","23,410.19",-20.51,"23,326.12","23,319.95","22,262.55","1,720.67","1,724.08","1,719.14","1,720.77",-1.3,"104,711","1,714.17","1,703.15","1,624.80","108,523","120,341","120,312",108.73,108.76,108.76,108.5,108.69,108.88,108.01
37,2019/12/09,"27,987.05","28,010.42","27,906.14","27,909.60",120.11,120.14,120.26,119.95,120.38,120.3,119.26,1.1065,1.1066,1.1078,1.1048,1.1077,1.1045,1.1044,"8,650.86","8,678.85","8,619.77","8,621.83","23,544.31","23,544.31","23,360.01","23,430.70",76.3,"23,320.04","23,313.62","22,226.11","1,726.10","1,726.20","1,713.65","1,722.07",8.71,"108,518","1,711.36","1,702.09","1,621.95","109,076","122,795","120,149",108.55,108.57,108.67,108.41,108.67,108.9,107.98
38,2019/12/06,"27,839.68","28,035.85","27,839.68","28,015.06",120.05,120.1,120.78,119.96,120.5,120.32,119.24,1.1059,1.1063,1.1109,1.1038,1.1079,1.1049,1.1044,"8,634.25","8,665.44","8,630.58","8,656.53","23,347.67","23,412.48","23,338.40","23,354.40",54.31,"23,339.80","23,290.43","22,187.88","1,713.08","1,716.52","1,709.49","1,713.36",1.95,"105,492","1,709.85","1,699.86","1,618.91","106,311","123,479","119,909",108.55,108.56,108.91,108.5,108.75,108.88,107.95
39,2019/12/05,"27,736.05","27,745.20","27,562.80","27,677.79",120.76,120.78,120.88,120.52,120.61,120.33,119.21,1.1104,1.1105,1.1108,1.1075,1.1071,1.1053,1.1044,"8,587.93","8,588.89","8,541.92","8,570.70","23,292.70","23,363.44","23,259.82","23,300.09",164.86,"23,327.70","23,273.33","22,148.74","1,711.94","1,714.32","1,706.68","1,711.41",8.14,"115,389","1,707.05","1,698.01","1,615.87","105,103","125,108","119,827",108.75,108.76,108.99,108.63,108.93,108.86,107.92
40,2019/12/04,"27,634.63","27,727.45","27,612.08","27,649.78",120.56,120.62,120.8,120.06,120.57,120.36,119.17,1.1074,1.1078,1.1115,1.1064,1.1052,1.1055,1.1044,"8,557.45","8,584.88","8,552.38","8,566.67","23,186.74","23,203.77","23,044.78","23,135.23",-244.58,"23,349.51","23,255.05","22,110.14","1,695.73","1,703.33","1,691.15","1,703.27",-3.46,"108,504","1,706.38","1,696.19","1,612.84","100,525","127,663","119,807",108.87,108.88,108.96,108.41,109.08,108.87,107.89
41,2019/12/03,"27,501.98","27,524.74","27,325.13","27,502.81",120.35,120.37,120.95,120.21,120.55,120.37,119.13,1.108,1.1081,1.1093,1.1064,1.1037,1.1056,1.1045,"8,460.72","8,523.98","8,435.40","8,520.64","23,231.14","23,388.18","23,186.84","23,379.81",-149.69,"23,410.02","23,248.61","22,077.08","1,695.91","1,707.15","1,692.86","1,706.73",-7.76,"107,475","1,707.92","1,694.57","1,610.12","100,382","128,621","119,778",108.62,108.63,109.2,108.47,109.22,108.87,107.85
42,2019/12/02,"28,109.74","28,109.84","27,782.35","27,783.04",120.69,120.73,121.03,120.48,120.52,120.4,119.12,1.1077,1.1078,1.1089,1.1001,1.1025,1.1057,1.1046,"8,672.85","8,672.85","8,540.16","8,567.99","23,388.63","23,562.05","23,378.40","23,529.50",235.59,"23,408.72","23,228.11","22,038.08","1,705.99","1,717.35","1,705.23","1,714.49",15.13,"94,696","1,707.72","1,692.23","1,607.18","111,347","128,381","120,055",108.96,108.97,109.72,108.9,109.3,108.88,107.82
43,2019/11/29,"28,103.16","28,119.51","28,042.53","28,051.41",120.59,120.67,120.75,120.36,120.37,120.38,119.09,1.1017,1.1024,1.1028,1.0979,1.1012,1.1057,1.1048,"8,682.01","8,697.33","8,664.04","8,665.47","23,497.44","23,498.77","23,273.37","23,293.91",-115.23,"23,361.39","23,198.92","22,000.16","1,712.21","1,712.83","1,698.01","1,699.36",-8.7,"99,450","1,705.41","1,689.59","1,604.38","112,628","128,996","120,373",109.45,109.48,109.66,109.38,109.3,108.87,107.78
44,2019/11/27,"28,156.47","28,174.97","28,075.23","28,164.00",120.48,120.51,120.59,120.02,120.09,120.4,119.04,1.0999,1.1,1.1024,1.0989,1.1022,1.1065,1.1053,"8,669.60","8,705.91","8,662.58","8,705.18","23,452.85","23,507.82","23,418.23","23,437.77",64.45,"23,251.07","23,145.84","21,925.58","1,710.43","1,714.60","1,709.21","1,710.98",5.27,"107,787","1,700.07","1,684.57","1,598.92","123,431","130,857","121,107",109.54,109.55,109.6,108.97,108.95,108.8,107.69
45,2019/11/26,"28,080.75","28,146.02","28,042.21","28,121.68",120.22,120.24,120.23,119.89,120.05,120.42,119.02,1.1023,1.1024,1.1025,1.1005,1.1036,1.1071,1.1055,"8,635.40","8,659.73","8,625.62","8,647.93","23,451.40","23,608.06","23,350.10","23,373.32",80.51,"23,193.23","23,110.28","21,887.55","1,712.61","1,719.57","1,705.04","1,705.71",2.75,"162,299","1,696.10","1,681.28","1,596.10","128,948","130,113","121,701",109.06,109.07,109.19,108.85,108.76,108.76,107.65
46,2019/11/25,"27,917.77","28,068.69","27,917.77","28,066.47",119.94,119.96,120.11,119.64,120.05,120.46,119.0,1.1011,1.1012,1.1032,1.1002,1.1047,1.1077,1.1058,"8,559.65","8,633.15","8,559.65","8,632.49","23,292.85","23,347.18","23,255.39","23,292.81",179.93,"23,177.09","23,075.06","21,852.17","1,702.98","1,705.98","1,699.80","1,702.96",11.62,"101,101","1,694.30","1,677.93","1,593.44","120,570","127,950","121,503",108.93,108.94,108.97,108.6,108.66,108.74,107.61
47,2019/11/22,"27,831.23","27,898.46","27,773.98","27,875.62",119.67,119.74,120.46,119.63,120.12,120.49,118.98,1.1018,1.1022,1.1085,1.1013,1.1059,1.1081,1.1059,"8,530.54","8,535.46","8,477.49","8,519.89","23,030.33","23,219.51","23,030.33","23,112.88",74.3,"23,201.88","23,041.42","21,822.76","1,689.56","1,698.53","1,688.79","1,691.34",1.96,"111,711","1,693.85","1,674.77","1,591.18","124,819","128,365","122,214",108.61,108.64,108.72,108.46,108.61,108.73,107.58
48,2019/11/21,"27,820.28","27,828.33","27,708.34","27,766.29",120.11,120.14,120.57,119.91,120.23,120.52,118.97,1.1057,1.1061,1.1096,1.105,1.1066,1.1083,1.106,"8,527.87","8,530.73","8,487.29","8,506.21","23,071.49","23,108.08","22,726.71","23,038.58",-109.99,"23,239.97","23,015.82","21,801.81","1,686.85","1,690.85","1,665.89","1,689.38",-1.73,"134,257","1,694.92","1,672.38","1,589.52","129,780","129,606","122,533",108.61,108.62,108.69,108.26,108.64,108.73,107.56
49,2019/11/20,"27,879.55","27,897.28","27,675.28","27,821.09",120.23,120.3,120.38,119.8,120.1,120.52,118.98,1.107,1.1073,1.1081,1.105,1.1058,1.1082,1.106,"8,543.57","8,578.27","8,468.63","8,526.73","23,176.49","23,303.17","23,086.12","23,148.57",-144.08,"23,260.57","22,982.57","21,781.58","1,689.25","1,697.27","1,684.17","1,691.11",-5.62,"135,372","1,693.92","1,669.61","1,587.87","130,936","129,372","122,544",108.62,108.63,108.74,108.31,108.61,108.74,107.56
50,2019/11/19,"28,079.76","28,090.21","27,894.52","27,934.02",120.22,120.24,120.48,119.97,120.01,120.5,118.99,1.1076,1.1077,1.1083,1.106,1.1044,1.1081,1.1061,"8,578.02","8,589.76","8,536.73","8,570.66","23,366.36","23,389.53","23,244.93","23,292.65",-124.11,"23,294.83","22,928.58","21,762.39","1,696.86","1,700.51","1,691.02","1,696.73",-3.99,"120,408","1,695.77","1,665.78","1,586.33","128,168","128,745","122,260",108.54,108.55,108.84,108.43,108.65,108.73,107.56
51,2019/11/18,"27,993.22","28,040.97","27,969.24","28,036.22",120.31,120.36,120.66,120.06,119.96,120.44,119.0,1.107,1.1074,1.109,1.1042,1.1031,1.1078,1.1062,"8,529.16","8,559.78","8,503.62","8,549.94","23,304.25","23,420.62","23,271.29","23,416.76",113.44,"23,340.30","22,858.95","21,740.04","1,696.09","1,700.72","1,693.64","1,700.72",4.05,"122,347","1,698.35","1,661.17","1,584.62","129,282","128,206","121,938",108.68,108.69,109.06,108.49,108.74,108.71,107.57
52,2019/11/15,"27,843.54","28,004.89","27,843.54","28,004.89",120.21,120.27,120.31,119.4,119.95,120.34,119.01,1.105,1.1054,1.1057,1.1012,1.1023,1.1074,1.1063,"8,524.48","8,540.83","8,506.80","8,540.83","23,160.53","23,340.77","23,121.59","23,303.32",161.77,"23,323.31","22,780.54","21,716.60","1,686.57","1,699.55","1,684.53","1,696.67",12.27,"136,514","1,699.02","1,656.41","1,582.90","129,638","127,493","121,541",108.79,108.8,108.85,108.36,108.81,108.66,107.57
53,2019/11/14,"27,757.20","27,800.71","27,676.97","27,781.96",119.47,119.49,119.8,119.22,119.97,120.23,119.02,1.1019,1.102,1.1027,1.0987,1.1016,1.107,1.1064,"8,461.06","8,485.36","8,441.58","8,479.02","23,325.50","23,360.06","23,062.16","23,141.55",-178.32,"23,341.02","22,711.91","21,695.97","1,697.84","1,699.92","1,680.04","1,684.40",-15.93,"140,040","1,700.24","1,652.00","1,581.31","134,871","126,485","121,037",108.42,108.43,108.86,108.23,108.89,108.59,107.56
54,2019/11/13,"27,622.04","27,806.40","27,587.20","27,783.59",119.75,119.79,120.17,119.54,120.22,120.15,119.04,1.1005,1.1006,1.102,1.0993,1.1022,1.1068,1.1066,"8,455.02","8,496.90","8,451.34","8,482.10","23,439.25","23,452.63","23,270.93","23,319.87",-200.14,"23,378.78","22,641.26","21,676.88","1,706.55","1,707.48","1,699.56","1,700.33",-9.34,"121,532","1,702.98","1,647.53","1,579.85","132,218","124,569","120,496",108.81,108.84,109.14,108.64,109.06,108.55,107.56
55,2019/11/12,"27,701.59","27,770.86","27,635.32","27,691.49",119.97,119.99,120.62,119.9,120.39,120.06,119.05,1.1007,1.1008,1.1038,1.1001,1.1034,1.1067,1.1068,"8,471.07","8,514.84","8,462.99","8,486.09","23,336.37","23,545.70","23,312.25","23,520.01",188.17,"23,375.57","22,564.88","21,654.23","1,702.55","1,711.07","1,698.93","1,709.67",5.64,"125,976","1,701.81","1,642.44","1,578.10","135,682","124,122","120,102",108.99,109.0,109.29,108.91,109.1,108.47,107.55
56,2019/11/11,"27,580.66","27,714.39","27,517.67","27,691.49",120.29,120.31,120.42,120.03,120.58,119.95,119.06,1.1032,1.1033,1.1043,1.1013,1.1047,1.1065,1.107,"8,431.26","8,467.29","8,425.49","8,464.28","23,422.13","23,471.82","23,323.02","23,331.84",-60.03,"23,321.96","22,477.74","21,626.18","1,708.12","1,711.22","1,701.78","1,704.03",1.26,"124,128","1,698.70","1,636.81","1,576.06","143,702","123,978","119,629",109.04,109.05,109.26,108.88,109.14,108.39,107.54
57,2019/11/08,"27,686.20","27,694.95","27,578.97","27,681.24",120.32,120.38,120.87,120.17,120.66,119.83,119.07,1.1018,1.1021,1.1055,1.1014,1.1074,1.1062,1.1073,"8,422.67","8,475.57","8,405.89","8,475.31","23,550.04","23,591.09","23,313.41","23,391.87",61.55,"23,225.75","22,415.62","21,601.32","1,711.66","1,713.79","1,698.25","1,702.77",4.64,"162,680","1,691.20","1,632.50","1,574.19","143,999","123,699","119,454",109.2,109.23,109.47,109.06,108.96,108.31,107.52
58,2019/11/07,"27,590.16","27,774.67","27,590.16","27,674.80",120.73,120.75,121.1,120.1,120.68,119.73,119.08,1.1048,1.1049,1.1091,1.1034,1.11,1.1059,1.1076,"8,455.11","8,483.16","8,415.87","8,434.52","23,283.14","23,336.00","23,253.32","23,330.32",26.5,"23,132.78","22,355.35","21,570.04","1,693.75","1,699.43","1,692.21","1,698.13",3.68,"126,775","1,684.05","1,628.50","1,571.94","140,706","121,855","119,003",109.28,109.29,109.48,108.61,108.72,108.25,107.49
59,2019/11/06,"27,502.74","27,526.05","27,407.81","27,492.56",120.61,120.64,120.9,120.43,120.8,119.61,119.08,1.1067,1.1068,1.1093,1.106,1.112,1.1053,1.1079,"8,426.57","8,426.57","8,379.33","8,410.63","23,343.51","23,352.56","23,246.57","23,303.82",51.83,"23,035.34","22,292.37","21,545.23","1,701.35","1,701.35","1,689.04","1,694.45",0.29,"138,852","1,677.60","1,624.09","1,570.20","151,202","121,834","118,678",108.99,109.01,109.18,108.78,108.63,108.2,107.48
60,2019/11/05,"27,500.23","27,560.36","27,453.55","27,492.63",120.87,120.91,121.29,120.61,120.87,119.51,119.09,1.1073,1.1074,1.114,1.1061,1.1128,1.1048,1.1081,"8,446.62","8,457.39","8,421.05","8,434.68","23,118.79","23,328.52","23,090.94","23,251.99",401.22,"22,969.41","22,235.37","21,521.65","1,682.85","1,697.39","1,680.91","1,694.16",27.66,"166,076","1,671.25","1,620.48","1,568.52","149,925","121,694","118,214",109.16,109.18,109.24,108.53,108.6,108.16,107.47
61,2019/11/01,"27,142.95","27,347.43","27,142.95","27,347.36",120.72,120.76,120.92,120.25,120.89,119.38,119.1,1.1163,1.1164,1.1171,1.1126,1.1134,1.1042,1.1083,"8,335.05","8,386.75","8,326.56","8,386.40","22,730.49","22,852.72","22,705.60","22,850.77",-76.27,"22,892.46","22,187.22","21,500.77","1,653.80","1,666.50","1,653.72","1,666.50",-0.51,"125,612","1,662.10","1,617.65","1,566.95","137,003","120,760","117,373",108.15,108.17,108.32,107.87,108.57,108.11,107.45
62,2019/10/31,"27,188.37","27,188.37","26,918.29","27,046.23",120.41,120.43,121.48,120.25,120.82,119.27,119.12,1.1149,1.115,1.1174,1.1129,1.1117,1.1033,1.1084,"8,314.38","8,321.80","8,248.81","8,292.36","22,910.10","22,988.80","22,875.50","22,927.04",83.92,"22,882.27","22,154.00","21,484.67","1,666.36","1,669.91","1,660.35","1,667.01",1.11,"146,215","1,658.49","1,615.79","1,565.78","133,897","120,247","117,219",108.0,108.01,108.89,107.91,108.67,108.09,107.45
63,2019/10/30,"27,110.71","27,204.36","26,999.64","27,186.69",121.36,121.38,121.39,120.83,120.86,119.18,119.14,1.1149,1.115,1.1151,1.1078,1.1107,1.1028,1.1086,"8,284.28","8,315.51","8,241.70","8,303.98","22,953.17","22,961.23","22,827.93","22,843.12",-131.01,"22,846.98","22,120.87","21,466.09","1,663.85","1,666.35","1,659.20","1,665.90",3.22,"179,256","1,653.83","1,614.03","1,564.50","128,558","119,231","116,788",108.85,108.86,109.28,108.7,108.8,108.05,107.46
64,2019/10/29,"27,061.07","27,165.94","27,039.76","27,071.42",120.94,120.97,121.05,120.54,120.78,119.06,119.15,1.111,1.1111,1.1118,1.1071,1.1104,1.1022,1.1086,"8,313.35","8,319.29","8,275.14","8,276.85","22,950.79","23,008.43","22,935.35","22,974.13",106.86,"22,803.43","22,090.31","21,449.05","1,657.26","1,664.43","1,656.78","1,662.68",14.25,"132,465","1,648.28","1,612.04","1,563.29","116,499","117,895","115,716",108.86,108.87,109.06,108.74,108.76,108.0,107.46
65,2019/10/28,"27,040.33","27,167.88","27,028.71","27,090.72",120.95,120.99,120.98,120.37,120.8,118.99,119.16,1.1099,1.11,1.1107,1.1071,1.1111,1.102,1.1088,"8,285.77","8,335.56","8,285.27","8,325.99","22,854.44","22,896.22","22,830.57","22,867.27",67.46,"22,718.39","22,053.12","21,429.85","1,651.13","1,652.75","1,648.09","1,648.43",-0.01,"101,465","1,641.47","1,610.16","1,562.17","107,840","117,929","115,388",108.97,109.0,109.03,108.64,108.71,107.97,107.46
66,2019/10/25,"26,789.61","27,015.37","26,765.68","26,958.06",120.37,120.42,120.79,120.32,120.82,118.94,119.17,1.1079,1.108,1.1122,1.107,1.1125,1.1017,1.109,"8,150.59","8,249.97","8,150.59","8,243.12","22,753.24","22,819.92","22,715.13","22,799.81",49.21,"22,643.47","22,016.86","21,414.91","1,646.42","1,648.62","1,641.76","1,648.44",4.7,"110,085","1,636.18","1,608.49","1,561.42","109,193","118,755","115,279",108.65,108.68,108.77,108.49,108.6,107.95,107.45
67,2019/10/24,"26,893.93","26,931.78","26,714.34","26,805.53",120.61,120.66,121.38,120.39,120.91,118.91,119.19,1.1102,1.1103,1.1164,1.109,1.1134,1.1017,1.1092,"8,180.04","8,187.84","8,137.66","8,185.80","22,725.44","22,780.99","22,704.33","22,750.60",125.22,"22,573.88","21,984.92","21,400.28","1,646.60","1,647.96","1,643.24","1,643.74",5.6,"119,521","1,631.32","1,607.13","1,560.64","109,471","119,697","114,907",108.64,108.67,108.75,108.46,108.59,107.92,107.44
68,2019/10/23,"26,835.24","26,896.89","26,745.00","26,833.95",120.95,121.0,121.04,120.35,120.87,118.87,119.2,1.1128,1.1132,1.1139,1.1104,1.1128,1.1016,1.1095,"8,090.24","8,122.89","8,078.35","8,119.79","22,619.77","22,648.81","22,457.89","22,625.38",76.48,"22,518.34","21,954.43","21,385.44","1,632.82","1,638.51","1,620.04","1,638.14",9.54,"118,961","1,628.88","1,605.78","1,559.78","114,113","122,119","114,659",108.69,108.7,108.7,108.23,108.61,107.9,107.43
69,2019/10/21,"26,852.67","26,852.67","26,747.62","26,827.64",121.07,121.09,121.46,120.74,120.7,118.82,119.21,1.1148,1.1149,1.1179,1.1135,1.1109,1.1013,1.1097,"8,137.42","8,164.14","8,117.26","8,162.99","22,541.22","22,581.28","22,515.73","22,548.90",56.22,"22,434.71","21,919.80","21,373.83","1,626.18","1,630.95","1,625.35","1,628.60",6.61,"89,168","1,625.29","1,604.06","1,559.14","116,003","123,689","114,409",108.6,108.61,108.66,108.27,108.64,107.88,107.42
70,2019/10/18,"27,004.49","27,018.25","26,770.13","26,770.20",121.04,121.09,121.08,120.62,120.41,118.73,119.23,1.1166,1.1169,1.1167,1.1112,1.1087,1.1007,1.1098,"8,149.85","8,157.36","8,045.38","8,089.54","22,528.56","22,649.85","22,466.26","22,492.68",40.82,"22,284.70","21,881.75","21,362.91","1,628.22","1,633.36","1,619.76","1,621.99",-2.17,"108,228","1,618.62","1,602.26","1,558.56","122,112","126,865","114,823",108.4,108.42,108.72,108.37,108.6,107.85,107.42
71,2019/10/17,"27,032.38","27,112.16","26,970.29","27,025.88",120.83,120.87,121.34,120.3,119.96,118.63,119.25,1.1124,1.1127,1.1139,1.1063,1.1055,1.1002,1.1101,"8,176.91","8,183.64","8,131.25","8,156.85","22,451.15","22,522.39","22,424.92","22,451.86",-21.06,"22,096.56","21,837.73","21,346.69","1,628.58","1,630.57","1,624.03","1,624.16",-7.35,"111,478","1,610.51","1,599.70","1,557.61","121,848","128,204","114,915",108.62,108.63,108.93,108.45,108.5,107.81,107.41
72,2019/10/16,"26,972.31","27,058.34","26,943.29","27,001.98",120.42,120.44,120.46,119.7,119.38,118.54,119.27,1.1073,1.1074,1.1085,1.102,1.1023,1.0999,1.1104,"8,119.81","8,146.15","8,103.38","8,124.18","22,479.57","22,615.47","22,434.35","22,472.92",265.71,"21,897.47","21,792.39","21,331.84","1,637.58","1,646.09","1,627.81","1,631.51",11.31,"142,731","1,602.02","1,596.78","1,556.67","120,458","127,603","115,035",108.75,108.76,108.86,108.55,108.28,107.76,107.4
73,2019/10/15,"26,811.20","27,120.11","26,811.20","27,024.80",120.11,120.13,120.21,119.09,118.75,118.44,119.3,1.1033,1.1036,1.1045,1.0989,1.1,1.0997,1.1108,"8,074.85","8,166.18","8,071.81","8,148.71","22,063.71","22,219.63","22,049.71","22,207.21",408.34,"21,720.44","21,741.46","21,313.35","1,615.40","1,623.77","1,612.27","1,620.20",24.93,"128,408","1,593.01","1,593.00","1,555.37","114,177","126,486","114,378",108.84,108.86,108.89,108.14,107.94,107.68,107.39
74,2019/10/11,"26,694.20","27,013.97","26,694.20","26,816.59",119.61,119.66,120.0,118.68,118.27,118.35,119.33,1.1035,1.1037,1.1062,1.0999,1.0987,1.0997,1.1113,"8,047.34","8,115.80","8,046.80","8,057.04","21,749.93","21,820.77","21,658.27","21,798.87",246.89,"21,554.05","21,696.61","21,299.84","1,593.54","1,596.58","1,587.36","1,595.27",13.85,"119,714","1,583.52","1,589.57","1,554.35","106,923","126,741","114,039",108.39,108.42,108.61,107.83,107.63,107.61,107.36
75,2019/10/10,"26,317.35","26,603.31","26,314.51","26,496.67",118.74,118.82,118.94,117.54,117.81,118.26,119.36,1.1005,1.1009,1.1034,1.0968,1.0976,1.0997,1.1118,"7,904.56","7,982.85","7,899.81","7,950.78","21,456.27","21,601.46","21,308.88","21,551.98",95.6,"21,476.31","21,650.62","21,293.00","1,578.79","1,583.05","1,565.04","1,581.42",-0.28,"106,911","1,579.05","1,586.03","1,553.71","105,049","125,553","113,550",107.9,107.93,108.01,107.02,107.33,107.53,107.35
76,2019/10/09,"26,308.23","26,424.31","26,249.75","26,346.01",117.93,117.95,118.08,117.17,117.5,118.16,119.4,1.0969,1.097,1.0989,1.0947,1.0967,1.0996,1.1122,"7,895.96","7,930.92","7,873.52","7,903.74","21,359.84","21,467.77","21,359.84","21,456.38",-131.4,"21,434.27","21,613.54","21,289.09","1,570.70","1,581.95","1,570.70","1,581.70",-4.8,"104,524","1,576.54","1,583.21","1,553.24","108,143","124,642","114,173",107.51,107.52,107.62,106.92,107.13,107.45,107.34
77,2019/10/08,"26,276.59","26,421.81","26,139.80","26,164.04",117.27,117.34,117.96,117.09,117.39,118.1,119.45,1.0954,1.0958,1.0995,1.0939,1.0965,1.0996,1.1127,"7,898.27","7,921.88","7,823.73","7,823.78","21,494.48","21,629.24","21,483.18","21,587.78",212.53,"21,498.71","21,580.10","21,289.18","1,580.50","1,588.19","1,579.98","1,586.50",13.75,"111,328","1,579.46","1,580.15","1,552.95","110,671","123,672","114,137",107.06,107.08,107.44,106.79,107.06,107.39,107.34
78,2019/10/07,"26,502.33","26,655.84","26,424.54","26,478.02",117.69,117.72,117.88,116.99,117.49,118.08,119.5,1.097,1.0971,1.1,1.096,1.096,1.0997,1.113,"7,956.41","8,013.32","7,942.08","7,956.29","21,445.73","21,475.28","21,328.26","21,375.25",-34.95,"21,558.20","21,544.76","21,285.79","1,576.33","1,578.75","1,569.16","1,572.75",-0.15,"92,137","1,582.76","1,577.16","1,552.53","111,718","124,049","114,209",107.28,107.31,107.45,106.52,107.18,107.36,107.35
79,2019/10/04,"26,271.70","26,590.74","26,271.70","26,573.72",117.35,117.39,117.5,117.04,117.51,118.09,119.55,1.0978,1.0979,1.0997,1.0955,1.0946,1.1001,1.1133,"7,908.44","7,986.62","7,899.39","7,982.47","21,316.18","21,410.20","21,276.01","21,410.20",68.46,"21,634.32","21,508.19","21,280.42","1,564.68","1,572.96","1,561.00","1,572.90",4.03,"110,345","1,585.77","1,573.86","1,551.95","118,542","124,328","114,346",106.89,106.92,107.12,106.57,107.34,107.33,107.37
80,2019/10/03,"26,039.02","26,205.20","25,743.46","26,201.04",117.18,117.23,117.64,117.04,117.65,118.09,119.61,1.0964,1.0965,1.0999,1.0938,1.0939,1.1005,1.1137,"7,787.02","7,872.27","7,700.00","7,872.27","21,422.22","21,437.74","21,277.36","21,341.74",-436.87,"21,728.06","21,470.96","21,276.61","1,569.83","1,571.04","1,560.83","1,568.87",-27.42,"122,381","1,592.04","1,570.56","1,551.50","123,546","123,747","114,121",106.88,106.91,107.29,106.47,107.55,107.3,107.39
81,2019/10/02,"26,425.86","26,438.04","25,974.12","26,078.62",117.4,117.45,118.0,117.29,117.76,118.09,119.67,1.0958,1.0959,1.0963,1.0902,1.0929,1.101,1.114,"7,851.13","7,852.70","7,744.96","7,785.25","21,744.62","21,795.01","21,725.23","21,778.61",-106.63,"21,869.36","21,435.53","21,273.61","1,590.31","1,597.14","1,589.73","1,596.29",-6.71,"117,164","1,602.92","1,567.39","1,551.21","127,611","123,023","113,914",107.14,107.17,107.89,107.03,107.74,107.25,107.41
82,2019/10/01,"26,962.54","27,046.21","26,562.22","26,573.04",117.76,117.8,118.16,117.63,117.87,118.11,119.73,1.0932,1.0936,1.0942,1.0877,1.0926,1.1015,1.1144,"8,026.83","8,062.50","7,906.29","7,908.69","21,831.44","21,938.77","21,811.98","21,885.24",129.4,"21,917.67","21,374.83","21,263.66","1,595.35","1,607.65","1,595.35","1,603.00",15.2,"116,564","1,607.68","1,562.66","1,550.48","126,736","122,898","113,918",107.7,107.73,108.46,107.61,107.86,107.21,107.43
83,2019/09/30,"26,852.33","26,998.86","26,852.33","26,916.83",117.8,117.82,118.21,117.5,117.91,118.09,119.8,1.0899,1.09,1.0949,1.0883,1.0943,1.1024,1.1149,"7,964.09","8,012.17","7,949.63","7,999.34","21,793.83","21,811.98","21,666.60","21,755.84",-123.06,"21,960.39","21,327.85","21,253.58","1,593.18","1,596.21","1,583.02","1,587.80",-16.45,"126,255","1,611.66","1,558.63","1,549.83","127,590","121,864","113,773",108.08,108.09,108.17,107.72,107.74,107.12,107.44
84,2019/09/27,"26,987.26","27,012.54","26,715.82","26,820.25",118.05,118.1,118.47,117.41,118.04,118.1,119.86,1.094,1.0941,1.0958,1.0903,1.0967,1.1031,1.1154,"8,047.11","8,051.83","7,890.28","7,939.63","21,934.93","21,955.79","21,733.69","21,878.90",-169.34,"22,025.04","21,282.74","21,246.23","1,612.10","1,613.02","1,590.82","1,604.25",-19.02,"135,366","1,617.35","1,555.04","1,549.47","131,511","120,711","113,426",107.91,107.94,108.17,107.63,107.62,107.05,107.44
85,2019/09/26,"27,004.11","27,015.07","26,803.84","26,891.12",117.74,117.78,118.05,117.48,118.28,118.1,119.93,1.0918,1.0919,1.0967,1.0907,1.0987,1.1037,1.1159,"8,070.12","8,072.11","7,991.02","8,030.66","22,160.52","22,184.91","21,986.24","22,048.24",28.09,"22,058.15","21,232.33","21,236.30","1,633.91","1,635.88","1,618.88","1,623.27",3.19,"142,707","1,619.63","1,550.77","1,548.79","131,100","118,901","113,172",107.84,107.87,107.95,107.4,107.65,107.0,107.45
86,2019/09/25,"26,866.71","27,016.56","26,755.86","26,970.71",117.91,117.97,118.19,117.75,118.65,118.11,119.99,1.0941,1.0945,1.1023,1.0935,1.1009,1.1044,1.1165,"7,990.66","8,095.00","7,935.57","8,077.38","21,961.82","22,036.48","21,906.00","22,020.15",-78.69,"22,040.64","21,177.49","21,220.79","1,614.78","1,621.59","1,611.47","1,620.08",-2.86,"112,789","1,616.30","1,546.11","1,547.58","126,980","116,892","112,610",107.77,107.78,107.88,106.97,107.77,106.93,107.45
87,2019/09/24,"27,034.07","27,079.68","26,704.96","26,807.77",117.96,118.03,118.54,117.85,119.01,118.11,120.05,1.1017,1.102,1.1024,1.0981,1.1035,1.1049,1.1169,"8,147.24","8,158.84","7,969.66","7,993.63","22,095.35","22,168.74","22,077.94","22,098.84",19.75,"22,036.88","21,119.21","21,204.17","1,618.02","1,629.06","1,617.96","1,622.94",6.71,"120,833","1,615.20","1,541.08","1,546.31","131,148","116,000","112,531",107.07,107.1,107.78,106.95,107.84,106.88,107.46
88,2019/09/20,"27,102.18","27,194.75","26,926.68","26,935.07",118.42,118.5,119.36,118.41,119.35,118.11,120.1,1.1015,1.1019,1.1068,1.0994,1.1047,1.1052,1.1172,"8,184.88","8,202.82","8,086.16","8,117.67","22,130.74","22,204.75","22,047.90","22,079.09",34.64,"22,014.77","21,052.01","21,186.54","1,622.30","1,625.17","1,613.70","1,616.23",0.57,"145,859","1,612.59","1,535.58","1,545.07","142,995","115,143","112,628",107.51,107.54,108.08,107.51,108.04,106.86,107.48
89,2019/09/19,"27,186.05","27,272.17","27,064.21","27,094.79",119.25,119.33,119.64,118.91,119.58,118.09,120.14,1.1041,1.1042,1.1073,1.1021,1.1056,1.1056,1.1175,"8,193.59","8,237.43","8,174.32","8,182.88","22,064.46","22,255.56","22,003.30","22,044.45",83.74,"21,950.87","20,985.07","21,164.26","1,613.75","1,626.52","1,612.03","1,615.66",9.04,"133,314","1,608.36","1,530.28","1,543.51","145,469","113,863","112,336",108.02,108.05,108.47,107.77,108.15,106.8,107.49
90,2019/09/18,"27,075.39","27,161.93","26,899.15","27,147.08",119.58,119.63,119.8,119.37,119.47,118.04,120.17,1.1027,1.1029,1.1075,1.1012,1.105,1.106,1.1178,"8,174.62","8,179.87","8,086.22","8,177.39","22,014.65","22,027.86","21,942.03","21,960.71",-40.61,"21,861.53","20,929.50","21,142.48","1,613.31","1,614.10","1,602.45","1,606.62",-7.96,"122,105","1,601.96","1,525.63","1,541.95","152,516","112,783","112,197",108.44,108.47,108.47,108.04,108.11,106.71,107.49
91,2019/09/17,"27,010.12","27,110.80","26,984.14","27,110.80",119.69,119.73,119.77,118.83,119.3,118.02,120.19,1.1071,1.1072,1.1074,1.0988,1.1053,1.1066,1.118,"8,148.65","8,188.23","8,139.82","8,186.02","21,947.59","22,041.08","21,878.63","22,001.32",13.03,"21,747.81","20,869.28","21,124.35","1,605.64","1,619.13","1,601.73","1,614.58",4.71,"133,628","1,592.24","1,520.83","1,540.70","156,439","113,029","112,487",108.11,108.14,108.36,108.01,107.93,106.64,107.49
